model,seed,epoch,train_loss,val_loss,val_auc,val_accuracy,val_precision,val_recall,val_f1
linear,0,1,0.6675275335374397,0.7518268516835045,0.7309939715202313,0.35880708294501396,0.5200802263240161,0.5132505625924006,0.5117529351104193
linear,0,2,0.5196835460064563,0.679709246929954,0.7460654743786344,0.3406337371854613,0.5383139424695462,0.4851547599408427,0.5086778045329322
linear,0,3,0.4709374698137076,0.7402409297578475,0.7327853306993038,0.3574091332712022,0.5191594165454416,0.4959926858383528,0.5054100538729458
linear,0,4,0.42834914924946615,0.7587364561417523,0.7385383742075841,0.34762348555452005,0.5082825918351943,0.4903114418914997,0.4966756973695935
linear,0,5,0.40315857764040486,0.8210365071016199,0.7359606821447914,0.3164026095060578,0.5011175884607318,0.5011450817465899,0.4999581241259786
linear,0,6,0.3949397997686479,0.8849277934607338,0.7266315931145803,0.3322460391425909,0.5127065031700113,0.4661266312416973,0.48692000030162763
linear,0,7,0.3812888990738865,0.8265322183861452,0.7439796944920177,0.35461323392357874,0.5265752746741821,0.5024457620933358,0.513145876769021
linear,0,8,0.3632614890511116,0.860596041469013,0.7347614756127758,0.34995340167753963,0.5194028306946897,0.48836912139287697,0.5014432440859714
linear,0,9,0.34588160909963456,0.8779360301354352,0.7398116552901219,0.35135135135135137,0.508000341671144,0.5242653890366246,0.5152093446044996
linear,0,10,0.335121103049664,0.9214072893647587,0.7266577748062453,0.34995340167753963,0.4934895279466479,0.5046362797046552,0.4955096935612279
mlp,0,1,0.49402897389194045,0.4446079345310436,0.7932850033451235,0.4207828518173346,0.6455796992319714,0.4740883871930211,0.5380330270616266
mlp,0,2,0.37144534501913334,0.5013932524358525,0.781402718466671,0.45293569431500463,0.6408929317542633,0.48081280426888773,0.5328894005660529
mlp,0,3,0.32626287650303,0.5871781829525443,0.780431272207498,0.4743709226467847,0.6220461423595964,0.528401148312065,0.5555205287827274
mlp,0,4,0.3521842844923784,0.6903131779502419,0.7754013907869484,0.4664492078285182,0.6552049064288049,0.49966625832180256,0.5526466295779013
mlp,0,5,0.2617711034718524,0.7178536548334009,0.7801514733900923,0.45246971109040074,0.6123789150255035,0.5316593200110822,0.5640901209903851
mlp,0,6,0.21367451835995757,0.8713105548830593,0.7705117647803682,0.43103448275862066,0.5891688337571068,0.5300755003869015,0.552312239218355
mlp,0,7,0.19732744319273737,0.9095546156167984,0.7735372043921893,0.4506057781919851,0.6172691736108946,0.5300716662338527,0.5654515365363049
mlp,0,8,0.17287712373983546,1.0207897442228653,0.7670053532079597,0.4487418452935694,0.631647038924497,0.5137968073851484,0.5598776454390736
mlp,0,9,0.16917507549964086,1.1499007151407354,0.7640967147334583,0.4384902143522833,0.6146881970587813,0.49746641810777936,0.5440091262941958
mlp,0,10,0.16066482292020812,1.2584700742188621,0.7648902878051878,0.44641192917054984,0.6114188117760915,0.5320798869368846,0.5647698900917618
cnn,0,1,0.3999910343452339,0.37327660094289217,0.8594075953841414,0.44175209692451073,0.7369347084378483,0.49321666365407085,0.56910601700446
cnn,0,2,0.35993878057833467,0.3618842012741986,0.8652018290417693,0.46551724137931033,0.7615378415627159,0.48440814463827664,0.5755988331616083
cnn,0,3,0.34715445468041783,0.3668411794830771,0.8728273691349513,0.4739049394221808,0.7286226335861594,0.5627986896655335,0.6094048587075439
cnn,0,4,0.3387213731079959,0.34641079166356253,0.8794119556266585,0.5093196644920783,0.7754783060161001,0.5239850426591459,0.5937418578439606
cnn,0,5,0.3280132023917602,0.3493888251045171,0.879628235026885,0.5256290773532153,0.7886141519091344,0.5237109858976312,0.5888511115451909
cnn,0,6,0.32206861122270647,0.36573174771140604,0.8819589746797405,0.5354147250698975,0.8026331267310061,0.5153551850457375,0.5746909740120356
cnn,0,7,0.31891567614417843,0.3507496679530424,0.8797995085024727,0.505591798695247,0.7074719189917761,0.6069965919516596,0.639603734232449
cnn,0,8,0.31126736160297963,0.3447541958268951,0.8827921722325183,0.5116495806150979,0.7566244486734165,0.5659674596239807,0.6220979391605784
cnn,0,9,0.3064168616850278,0.35402604061014514,0.8823670374942537,0.5335507921714818,0.7707488810721254,0.5538740541567375,0.6135428814007712
cnn,0,10,0.30384687856118775,0.34755200805032954,0.8824346654136954,0.5288909599254427,0.7483102890365025,0.5729940703168803,0.6266191139127374
gru,0,1,0.4274027200227373,0.3892444512423347,0.8396489212180519,0.48555452003727867,0.7279470852103544,0.43727639764054543,0.5081209927174906
gru,0,2,0.3614778956223963,0.36502255849978504,0.8568588979028455,0.5013979496738118,0.7326574178204834,0.5023061098600288,0.5714481580611288
gru,0,3,0.33844736603538644,0.35170676778344545,0.8712787555857938,0.527027027027027,0.7479851962758108,0.5280025476825508,0.5881836332482296
gru,0,4,0.3198357548160053,0.34741726035580917,0.8770763258022809,0.532618825722274,0.7208423960872221,0.5812789909724738,0.6274128195669457
gru,0,5,0.30238902451616995,0.33819855618126254,0.8852469329679533,0.5456663560111836,0.755389632487059,0.5615514730277956,0.622149362009879
gru,0,6,0.28926678872510286,0.3399871557074435,0.8858865425629794,0.5498602050326188,0.7646593747476353,0.567397544116111,0.6320130266588971
gru,0,7,0.27676353109686563,0.32943928022595015,0.8905403964262287,0.5610438024231128,0.7478804225463968,0.6217508259643135,0.6722753340016941
gru,0,8,0.26194396202037395,0.32871468496673245,0.8902930661231799,0.5470643056849953,0.7445183627872541,0.6139968924219139,0.6625345032066605
gru,0,9,0.24903315484300534,0.3324810577666058,0.8937205686021172,0.5726933830382106,0.7443338381688002,0.6351705188426685,0.6781282471989256
gru,0,10,0.2341206617904513,0.3362914249300957,0.8902138224506704,0.5521901211556384,0.7339566293432023,0.6315525195430641,0.6752402632390013
resnet,0,1,0.3782626377062851,0.3566130189334645,0.8757520177791515,0.4613233923578751,0.7032876457776852,0.5633443792987045,0.6242706184382101
resnet,0,2,0.341905038845673,0.3586862376507591,0.8748816017085378,0.5335507921714818,0.7385939752739832,0.5815008160319561,0.6285798990939296
resnet,0,3,0.3291186761766784,0.34024814998402314,0.882371876958023,0.5349487418452936,0.7545958047171616,0.5577838694043665,0.6264465294834952
resnet,0,4,0.3165278292438957,0.34675459651386037,0.8823836536126859,0.543336439888164,0.7806004568390394,0.5495547357085218,0.609528682031516
resnet,0,5,0.30883291882745334,0.3470728379838607,0.8888645838061431,0.5330848089468779,0.7743974231147465,0.5426917793495898,0.6054159960815653
resnet,0,6,0.3020521127217718,0.35276756917729096,0.8843693407516262,0.5475302889095992,0.771500056631281,0.5454567285998481,0.5986873620675115
resnet,0,7,0.29809266563211934,0.3264475859263364,0.8944064248019246,0.5521901211556384,0.7545538986787609,0.6002651728927418,0.6566842830583509
resnet,0,8,0.29041509118196224,0.35376974063761096,0.8934368968050016,0.5358807082945014,0.7972064994684388,0.5227095345894675,0.5913980907564885
resnet,0,9,0.28550873613089656,0.33763132901752696,0.8906326503520958,0.5442684063373718,0.7700168300086585,0.5781081884985143,0.6421795992023134
resnet,0,10,0.28138001983085376,0.33091331229490395,0.8946099592875074,0.554520037278658,0.7765047514017527,0.5710710606889399,0.6375247247514471
mlp,1,1,0.49092369110843215,0.452383313108893,0.7888309608614154,0.4375582479030755,0.6388132054090188,0.4361728489342383,0.5047308886182581
mlp,1,2,0.38759366570787035,0.49471139469567466,0.7955360535247655,0.43243243243243246,0.6478535468577215,0.5061660041586978,0.5603151386683545
mlp,1,3,0.3140928028674608,0.5916719980099622,0.7809570535675239,0.4547996272134203,0.6436801826798942,0.4832262815964074,0.5396587925883589
mlp,1,4,0.29222677664810354,0.6725055820801679,0.7783958713358876,0.4706430568499534,0.6441166810162697,0.5023466720288241,0.5538144457107125
mlp,1,5,0.26514203745997356,0.7939362008781994,0.7748048695106403,0.45666356011183595,0.6315383380105493,0.5311267812137157,0.5713732930011639
mlp,1,6,0.26966933839106827,0.9915879947297713,0.7562768979431833,0.44547996272134205,0.6301738366291979,0.4931713648690284,0.5412873751417778
mlp,1,7,0.2383471688025453,1.0407013419796438,0.7629621158428018,0.4440820130475303,0.6391117004766265,0.5057262868585835,0.5568176864145489
mlp,1,8,0.21135069326626674,1.1490761269541347,0.7663143144249018,0.4580615097856477,0.6330849845026837,0.5160384516415226,0.5604405137434131
mlp,1,9,0.17832232607103018,1.151837326147977,0.7647731993299931,0.4482758620689655,0.6187085307973431,0.5139965977400534,0.5561779513619881
mlp,1,10,0.16089253004793816,1.2724669803591335,0.7666916249639983,0.461789375582479,0.6448113827866524,0.5160920094119281,0.5632302621664367
cnn,1,1,0.40050316526648705,0.3756744633702671,0.8526009482177846,0.483690587138863,0.7694446763037195,0.4604494556147287,0.5423311111635561
cnn,1,2,0.35923109161719846,0.36346166712396283,0.8634003934733976,0.5018639328984157,0.7422775210420924,0.5237949840411356,0.5889508373756857
cnn,1,3,0.34660319649101645,0.3638899869778577,0.870307839164773,0.5153774464119292,0.7507796437521278,0.5192946270024883,0.5850355653889963
cnn,1,4,0.3374486735251066,0.35254376951385946,0.8784368272110121,0.4902143522833178,0.7422516982407139,0.5645054422740599,0.63057260738677
cnn,1,5,0.32886500539404623,0.36050406273673563,0.8780781741381031,0.48835041938490215,0.7218828397434146,0.5569489021653592,0.6088567765575644
cnn,1,6,0.322379912497399,0.3507093344541157,0.8785845218758717,0.5181733457595527,0.736685183003228,0.5706928523072932,0.6231525465457054
cnn,1,7,0.3164129646753104,0.3512046876199105,0.8776297860080092,0.5260950605778192,0.7481352670453909,0.560270477824006,0.6201199745348107
cnn,1,8,0.3126285030935588,0.34483715716530294,0.8807046737216258,0.5205032618825722,0.7437002746825362,0.550863957882595,0.6169818499165809
cnn,1,9,0.3056751048743502,0.35134996999712553,0.8822283825153848,0.4706430568499534,0.7104158339523601,0.5967041300715208,0.6479316675552098
cnn,1,10,0.3028929680585861,0.35548577895935846,0.8820122412526059,0.5335507921714818,0.7633687953402271,0.53783895781024,0.6045844977294366
gru,1,1,0.42499402600727726,0.3889305696767919,0.8412147053099549,0.49813606710158437,0.6990853511060452,0.4791003362793626,0.5380964653137251
gru,1,2,0.3608690525931812,0.37340329412151785,0.8543008959293527,0.5284249767008388,0.7211172882898675,0.5204185442768704,0.5748854721913046
gru,1,3,0.335744706990567,0.3476896890822579,0.8689608977157184,0.5144454799627214,0.7310449640362247,0.5569158517529229,0.6077575228284314
gru,1,4,0.3157736424649699,0.34290189120699377,0.8796616001633375,0.5517241379310345,0.7336598268488024,0.5905416805127675,0.6359543917242757
gru,1,5,0.29673426517386564,0.33589989998761344,0.8869075086057292,0.5601118359739049,0.7424076851880652,0.6027052057918667,0.6485249565064803
gru,1,6,0.28201560664935954,0.32932256468955207,0.8903276282666021,0.5442684063373718,0.7414216222034922,0.6018734649245706,0.6567909183959721
gru,1,7,0.26934601388843765,0.3289870847673977,0.8922365426037004,0.5689655172413793,0.7602336965017927,0.6026921450708277,0.657926941072122
gru,1,8,0.2541511929437016,0.3280700072646141,0.8932759559358165,0.548928238583411,0.7688383203196969,0.5898909071965257,0.6498532908695995
gru,1,9,0.24278479959634358,0.3355355267139042,0.8931705051736649,0.575955265610438,0.7613690806722445,0.6165531233777697,0.669190778600729
gru,1,10,0.22947466931539529,0.3339288716807085,0.8923493385892891,0.5754892823858341,0.7400058029065092,0.634085862006273,0.6766877609270282
resnet,1,1,0.3731840482811803,0.3457094106604071,0.8778868724398224,0.5265610438024231,0.7779180171465729,0.5648573430641494,0.6229342665414535
resnet,1,2,0.34096845303581896,0.3832576695610495,0.8807031939627386,0.41985088536812676,0.735546319772587,0.5463927322507459,0.5892462912328424
resnet,1,3,0.3274884469500195,0.35065189529867735,0.8833186487869182,0.5237651444547996,0.7740437550067415,0.5155983844066988,0.5951608198642904
resnet,1,4,0.3172533874319734,0.32874177308643565,0.8898713902313411,0.5400745573159367,0.7694902121483486,0.5679652480629273,0.6409829733069017
resnet,1,5,0.30783181835649615,0.3318520530181773,0.8898962606475603,0.53215284249767,0.7650574867349277,0.575475261326242,0.6390943204169701
resnet,1,6,0.30132768646384894,0.33479178828351636,0.8891050443185009,0.5587138863000932,0.7794737801090366,0.565551868085665,0.6333841046249574
resnet,1,7,0.296627742911546,0.3300388297613929,0.8954521039655383,0.532618825722274,0.722704805279955,0.6414691120788253,0.6766625458352664
resnet,1,8,0.29252148355437574,0.3319251958061667,0.8943542065796024,0.5507921714818267,0.7709501826141137,0.5967244512800112,0.6555196920850024
resnet,1,9,0.2851548024107901,0.3255181991878678,0.8964816133687652,0.5293569431500466,0.726252515381162,0.605792705387337,0.6541911438778923
resnet,1,10,0.2805903558427475,0.32788048947558684,0.8954447650040652,0.5452003727865797,0.7291539947814413,0.6401826159277124,0.680125771020929
linear,2,1,0.651467226306151,0.6929360531708774,0.7398493531783695,0.34808946877912395,0.5226755021383271,0.508059686363781,0.5130886107813921
linear,2,2,0.515190747346771,0.7255887529429268,0.7432332834054088,0.3448275862068966,0.5133993272574091,0.5069586687641701,0.5095042037799027
linear,2,3,0.4765637420982904,0.7501851390389835,0.7435429950808301,0.36533084808946875,0.524746256571191,0.4918947103027357,0.5002924072156307
linear,2,4,0.43833043546265876,0.7729991972446442,0.7437709066113827,0.3303821062441752,0.5143084300804841,0.5022100376535009,0.5060998506319164
linear,2,5,0.41414675920197136,0.8230954776791966,0.7324028399407438,0.33783783783783783,0.5041380244865176,0.49291749644605776,0.49698128804572644
linear,2,6,0.38888426085982875,0.8245086354367873,0.7371603728376395,0.3229263746505126,0.4957867000582283,0.505531877736496,0.4990696606171028
linear,2,7,0.3623568374342686,0.8293822057106915,0.744698837769902,0.35880708294501396,0.5059178360677582,0.5251964041445951,0.5116417871901363
linear,2,8,0.360417581452859,0.8805089014417985,0.739200841912842,0.35647716682199443,0.510809435411552,0.5101072655128294,0.5090066322756884
linear,2,9,0.3427417143230581,0.9227491021156311,0.7325087616926224,0.3294501397949674,0.506270601540433,0.49932839964859194,0.49724061610290066
linear,2,10,0.33671281143520654,0.9122560339815476,0.7436129391162822,0.3466915191053122,0.513415608714868,0.5287482407887582,0.5181582496278555
mlp,2,1,0.4945396850171607,0.4468096152824514,0.7931134997476366,0.4552656104380242,0.6561393506050882,0.47300687845346745,0.5349120186196912
mlp,2,2,0.37305253671572897,0.5240053069942138,0.7916816917026399,0.45852749301025164,0.6341339717394598,0.5048475284479818,0.5569456593767906
mlp,2,3,0.35274095543091666,0.6223672488156486,0.7716840474766613,0.4636533084808947,0.6300024692925777,0.49566042677826694,0.5405992934543723
mlp,2,4,0.3100208629494749,0.6839677647632711,0.7770048479399737,0.46877912395153776,0.6224465055984785,0.5100421967322413,0.5469298041027086
mlp,2,5,0.2599154145976577,0.7666349332122242,0.7729164111239206,0.44594594594594594,0.611290632652857,0.5362410829137405,0.5656936439286421
mlp,2,6,0.24123532830106184,0.8466953144353979,0.7786372367665704,0.4440820130475303,0.6029353021346777,0.5371213837997069,0.5626387849609494
mlp,2,7,0.19858439040652823,0.8948492477921879,0.77640946918635,0.46458527493010254,0.6280006184046858,0.5398060065898231,0.5733536008089402
mlp,2,8,0.1600595826234264,0.9678801096537534,0.7696407524804872,0.4408201304753029,0.6161867080052887,0.5300509615442803,0.5655215529222357
mlp,2,9,0.1361399960707636,1.1179391321013956,0.7731430767555161,0.4538676607642125,0.6164408987090085,0.5272373503206902,0.5616595507884324
mlp,2,10,0.16528131249134015,1.2802239779163809,0.759224761530985,0.4422180801491146,0.6046656691403479,0.5195104683099917,0.5540093906039025
cnn,2,1,0.4008424517590455,0.3849332560511196,0.858724829673354,0.42218080149114634,0.714588665498032,0.5068533351277354,0.5725019349104656
cnn,2,2,0.35937934734401633,0.3647080090116052,0.8664078881355873,0.5083876980428704,0.7483098614971156,0.5334646825105527,0.5979407134229409
cnn,2,3,0.34467239661163157,0.3544003919643514,0.8752808447894415,0.5205032618825722,0.7437739446347866,0.5536457704338849,0.6139831752564863
cnn,2,4,0.337495940343271,0.35874449856141033,0.8729036244380618,0.5093196644920783,0.7595479120377263,0.5141466151447006,0.5848439793303364
cnn,2,5,0.32912852087717376,0.34641237732242136,0.8795121401702095,0.5135135135135135,0.7377374660642116,0.5641325065928489,0.6295130286004568
cnn,2,6,0.32333177227652476,0.36329731695792256,0.8730171370432291,0.46318732525629075,0.7074033113204623,0.550011229483762,0.5955977411877583
cnn,2,7,0.3165413662512204,0.35725580506465016,0.8785236761059994,0.527493010251631,0.7688189226428286,0.5427969301254055,0.6064224535107572
cnn,2,8,0.31341183587406457,0.36105843940201926,0.8794896695565797,0.5316868592730661,0.7738882369993944,0.5248839131067388,0.5938512885930967
cnn,2,9,0.3081979231999608,0.3442670900155516,0.8795153564466094,0.5130475302889096,0.7592514808822626,0.5585201379532082,0.6343875294214206
cnn,2,10,0.302172397294741,0.3848174389670877,0.8814282339579561,0.4249767008387698,0.7131251853725457,0.6027141975352495,0.6361460311945053
gru,2,1,0.4257864661877521,0.37531202242654915,0.848176948233305,0.4846225535880708,0.6950832338036305,0.49662302678263454,0.554632658535109
gru,2,2,0.3522516628552912,0.3510965792571797,0.8683353852758409,0.5111835973904939,0.7368400041625974,0.51926094447115,0.5839530470437323
gru,2,3,0.3284391063764301,0.3383177935200579,0.8808770260505311,0.5405405405405406,0.7347434731019071,0.5679200203172619,0.6252376578532433
gru,2,4,0.30953205418720675,0.3312157944721334,0.889231475280063,0.5438024231127679,0.7363070833580132,0.5878087535772931,0.6376884195133188
gru,2,5,0.2922487104318562,0.34271983802318573,0.8908665289321857,0.5554520037278659,0.7743347819437243,0.5501795224259474,0.6089764361561143
gru,2,6,0.277388401245803,0.32005437814137516,0.896304401958988,0.5526561043802423,0.7491779234566325,0.6215098268507271,0.6728437799705878
gru,2,7,0.2660535892074028,0.31899067715686913,0.8994579518766039,0.5694315004659832,0.7402833418037168,0.6249945391767694,0.6659508860140629
gru,2,8,0.252863556648908,0.32543107078355904,0.8954039431968075,0.5633737185461324,0.7376664548121757,0.6148338895453455,0.6628735348306969
gru,2,9,0.23952672493814975,0.3391677540014772,0.8960765614916294,0.5717614165890028,0.7489976594253384,0.6149390745253056,0.6626167565861147
gru,2,10,0.2299832282553005,0.3382605765672291,0.8949406399476862,0.5633737185461324,0.7364292815741889,0.6208572966254453,0.6652922398801349
resnet,2,1,0.37516685940799643,0.36247556262156544,0.8667056210899101,0.5037278657968313,0.6991368288896835,0.5879247674578612,0.6330167670727885
resnet,2,2,0.33967635158295933,0.34453057629220624,0.8815705829705969,0.5041938490214353,0.7435530178099532,0.5525790359114575,0.6209411250704597
resnet,2,3,0.325371358669206,0.347257739480804,0.8869089988189401,0.5349487418452936,0.7440058151154717,0.5552842640675727,0.6116017279352994
resnet,2,4,0.31608134368608953,0.3329802265062052,0.8867470636080892,0.5475302889095992,0.7629544542184246,0.5939757489984105,0.6497608453783602
resnet,2,5,0.309871639261085,0.3556167255429661,0.8808332000117736,0.5354147250698975,0.7732153806469542,0.5400972798759389,0.6043454964881598
resnet,2,6,0.3031830351785774,0.3327264321200988,0.889195318949346,0.5354147250698975,0.767265176630705,0.5735225625008387,0.639892388281452
resnet,2,7,0.2967409646689669,0.3572798879707561,0.8910375185364947,0.5498602050326188,0.752791876151023,0.5756940895764449,0.6239649719074915
resnet,2,8,0.291480966330914,0.33414341553169136,0.8915506314380828,0.5442684063373718,0.7539158455546838,0.612341432874761,0.6584148331526555
resnet,2,9,0.2868000747782461,0.33990493504440084,0.8924463716868729,0.5456663560111836,0.7503420476171722,0.5884259588145264,0.6416807855956984
resnet,2,10,0.2821638859278254,0.3577657920472762,0.8904481437068765,0.5559179869524697,0.7862952628570804,0.5601435850521573,0.6255725908775641
